time_sec,pitch_angle,yaw_angle,target_step,is_fired
58.6983,0.3,0.1,None,0
58.7595,0.3,0.1,None,0
58.7989,0.3,0.1,None,0
58.8605,0.3,0.1,None,0
58.9,0.3,0.1,None,0
58.9601,0.3,0.1,None,0
58.9988,0.3,0.1,None,0
59.0589,0.3,0.1,None,0
59.0997,0.3,0.1,None,0
59.1605,0.3,0.1,Step1_Green_Rectangle,0
59.2189,0.0,-1.4,Step1_Green_Rectangle,0
59.258,-0.6,-3.6,Step1_Green_Rectangle,0
59.3197,-0.9,-5.0,Step1_Green_Rectangle,0
59.38,-1.3,-6.7,Step1_Green_Rectangle,0
59.4197,-1.6,-8.3,Step1_Green_Rectangle,0
59.4791,-2.0,-9.7,Step1_Green_Rectangle,0
59.5391,-2.2,-10.6,Step1_Green_Rectangle,0
59.5788,-2.5,-11.9,Step1_Green_Rectangle,0
59.6387,-2.7,-12.7,Step1_Green_Rectangle,0
59.6782,-2.9,-13.8,Step1_Green_Rectangle,0
59.7392,-3.1,-14.6,Step1_Green_Rectangle,0
59.7797,-3.3,-15.7,Step1_Green_Rectangle,0
59.8388,-3.5,-16.7,Step1_Green_Rectangle,0
59.8987,-3.6,-17.3,Step1_Green_Rectangle,0
59.966,-3.8,-18.2,Step1_Green_Rectangle,0
60.0003,-4.0,-19.1,Step1_Green_Rectangle,0
60.0585,-4.2,-19.9,Step1_Green_Rectangle,0
60.0987,-4.2,-20.4,Step1_Green_Rectangle,0
60.1585,-4.3,-21.2,Step1_Green_Rectangle,0
60.1988,-4.4,-21.6,Step1_Green_Rectangle,0
60.2584,-4.5,-22.3,Step1_Green_Rectangle,0
60.3192,-4.6,-22.8,Step1_Green_Rectangle,0
60.3602,-4.6,-23.4,Step1_Green_Rectangle,0
60.4188,-4.7,-23.8,Step1_Green_Rectangle,0
60.4785,-4.8,-24.3,Step1_Green_Rectangle,0
60.5195,-4.9,-24.8,Step1_Green_Rectangle,0
60.5825,-4.9,-25.2,Step1_Green_Rectangle,0
60.6203,-5.0,-25.6,Step1_Green_Rectangle,0
60.6844,-5.0,-25.9,Step1_Green_Rectangle,0
60.7198,-5.0,-26.3,Step1_Green_Rectangle,0
60.7822,-5.0,-26.6,Step1_Green_Rectangle,0
60.8287,-5.1,-26.9,Step1_Green_Rectangle,0
60.8817,-5.1,-27.3,Step1_Green_Rectangle,0
60.9388,-5.2,-27.5,Step1_Green_Rectangle,0
60.9825,-5.2,-27.8,Step1_Green_Rectangle,0
61.0384,-5.2,-28.0,Step1_Green_Rectangle,0
61.0821,-5.2,-28.3,Step1_Green_Rectangle,0
61.1403,-5.2,-28.5,Step1_Green_Rectangle,0
61.1817,-5.3,-28.7,Step1_Green_Rectangle,0
61.2385,-5.3,-28.9,Step1_Green_Rectangle,0
61.2815,-5.3,-29.1,Step1_Green_Rectangle,0
61.3397,-5.3,-29.3,Step1_Green_Rectangle,0
61.3991,-5.3,-29.4,Step1_Green_Rectangle,0
61.4587,-5.3,-29.6,Step1_Green_Rectangle,0
61.4997,-5.4,-29.8,Step1_Green_Rectangle,0
61.5594,-5.4,-29.9,Step1_Green_Rectangle,0
61.5987,-5.4,-30.1,Step1_Green_Rectangle,0
61.6599,-5.4,-30.2,Step1_Green_Rectangle,0
61.6993,-5.4,-30.3,Step1_Green_Rectangle,0
61.7592,-5.4,-30.5,Step1_Green_Rectangle,0
61.7988,-5.4,-30.6,Step1_Green_Rectangle,0
61.8593,-5.5,-30.7,Step1_Green_Rectangle,0
61.9204,-5.5,-30.8,Step1_Green_Rectangle,0
61.9586,-5.5,-30.9,Step1_Green_Rectangle,0
62.0196,-5.5,-31.0,Step1_Green_Rectangle,0
62.0594,-5.5,-31.1,Step1_Green_Rectangle,0
62.1207,-5.5,-31.1,Step1_Green_Rectangle,0
62.1588,-5.5,-31.2,Step1_Green_Rectangle,0
62.2189,-5.5,-31.3,Step1_Green_Rectangle,0
62.259,-5.5,-31.3,Step1_Green_Rectangle,0
62.3192,-5.5,-31.4,Step1_Green_Rectangle,0
62.3817,-5.5,-31.5,Step1_Green_Rectangle,0
62.4189,-5.5,-31.5,Step1_Green_Rectangle,0
62.4802,-5.5,-31.6,Step1_Green_Rectangle,0
62.5189,-5.5,-31.7,Step1_Green_Rectangle,0
62.5797,-5.5,-31.7,Step1_Green_Rectangle,0
62.6394,-5.5,-31.8,Step1_Green_Rectangle,0
62.6822,-5.5,-31.8,Step1_Green_Rectangle,0
62.739,-5.5,-31.8,Step1_Green_Rectangle,0
62.798,-5.5,-31.9,Step1_Green_Rectangle,0
62.8394,-5.5,-31.9,Step1_Green_Rectangle,0
62.8992,-5.5,-31.9,Step1_Green_Rectangle,0
62.9588,-5.5,-32.0,Step1_Green_Rectangle,0
62.9992,-5.5,-32.0,Step1_Green_Rectangle,0
63.0606,-5.5,-32.0,Step1_Green_Rectangle,0
63.1194,-5.5,-32.1,Step1_Green_Rectangle,0
63.16,-5.5,-32.1,Step1_Green_Rectangle,0
63.2186,-5.5,-32.1,Step1_Green_Rectangle,0
63.2593,-5.5,-32.2,Step1_Green_Rectangle,0
63.3193,-5.5,-32.2,Step1_Green_Rectangle,0
63.3801,-5.5,-32.2,Step1_Green_Rectangle,0
63.4186,-5.5,-32.2,Step1_Green_Rectangle,0
63.4809,-5.5,-32.2,Step1_Green_Rectangle,0
63.5189,-5.5,-32.3,Step1_Green_Rectangle,0
63.5809,-5.5,-32.3,Step1_Green_Rectangle,0
63.6402,-5.5,-32.3,Step1_Green_Rectangle,0
63.679,-5.5,-32.3,Step1_Green_Rectangle,0
63.7393,-5.5,-32.3,Step1_Green_Rectangle,0
63.7988,-5.5,-32.3,Step1_Green_Rectangle,0
63.8391,-5.5,-32.3,Step1_Green_Rectangle,0
63.8999,-5.5,-32.3,Step1_Green_Rectangle,0
63.9598,-5.5,-32.3,Step1_Green_Rectangle,0
63.9985,-5.5,-32.3,Step1_Green_Rectangle,1
64.0595,-5.5,-32.3,Step1_Green_Rectangle,1
64.1185,-5.5,-32.3,Step1_Green_Rectangle,1
64.1592,-5.5,-32.3,Step1_Green_Rectangle,1
64.2222,-5.5,-32.3,Step1_Green_Rectangle,1
64.2793,-5.5,-32.3,Step1_Green_Rectangle,1
64.3194,-5.5,-32.3,Step1_Green_Rectangle,0
64.3778,-5.5,-32.3,Step1_Green_Rectangle,0
64.44,-5.5,-32.3,Step1_Green_Rectangle,0
64.4996,-5.5,-32.3,Step1_Green_Rectangle,0
64.5423,-5.5,-32.3,Step2_Blue_Rectangle,0
64.5994,-5.5,-32.3,Step2_Blue_Rectangle,0
64.6396,-5.5,-32.3,Step2_Blue_Rectangle,0
64.6983,-5.5,-32.3,Step2_Blue_Rectangle,0
64.7404,-5.5,-32.3,Step2_Blue_Rectangle,0
64.7977,-5.5,-32.3,Step2_Blue_Rectangle,0
64.8588,-5.5,-32.3,Step2_Blue_Rectangle,0
64.8987,-5.5,-32.3,Step2_Blue_Rectangle,0
64.9586,-5.5,-32.3,Step2_Blue_Rectangle,0
64.9997,-5.5,-32.3,Step2_Blue_Rectangle,0
65.0584,-5.5,-32.3,Step2_Blue_Rectangle,0
65.1196,-5.5,-32.3,Step2_Blue_Rectangle,0
65.1591,-5.5,-32.3,Step2_Blue_Rectangle,0
65.2189,-5.5,-32.3,Step2_Blue_Rectangle,0
65.2864,-5.5,-32.3,Step2_Blue_Rectangle,0
65.3412,-5.5,-32.3,Step2_Blue_Rectangle,0
65.3781,-5.5,-32.3,Step2_Blue_Rectangle,0
65.4406,-5.5,-32.3,Step2_Blue_Rectangle,0
65.4993,-5.5,-32.3,Step2_Blue_Rectangle,0
65.5399,-5.5,-32.3,Step2_Blue_Rectangle,0
65.5995,-5.5,-31.7,Step2_Blue_Rectangle,0
65.642,-5.6,-29.6,Step2_Blue_Rectangle,0
65.6991,-5.7,-28.4,Step2_Blue_Rectangle,0
65.7589,-5.8,-26.1,Step2_Blue_Rectangle,0
65.7985,-5.8,-25.0,Step2_Blue_Rectangle,0
65.8588,-5.8,-23.5,Step2_Blue_Rectangle,0
65.92,-5.9,-22.6,Step2_Blue_Rectangle,0
65.9593,-5.9,-21.3,Step2_Blue_Rectangle,0
66.0183,-5.9,-20.5,Step2_Blue_Rectangle,0
66.0587,-5.9,-19.3,Step2_Blue_Rectangle,0
66.1189,-5.9,-18.6,Step2_Blue_Rectangle,0
66.1789,-6.0,-17.6,Step2_Blue_Rectangle,0
66.2188,-6.0,-16.7,Step2_Blue_Rectangle,0
66.2792,-6.0,-15.8,Step2_Blue_Rectangle,0
66.3188,-6.0,-15.3,Step2_Blue_Rectangle,0
66.3786,-6.0,-14.5,Step2_Blue_Rectangle,0
66.4407,-6.0,-14.0,Step2_Blue_Rectangle,0
66.4806,-5.9,-13.4,Step2_Blue_Rectangle,0
66.5403,-5.9,-12.9,Step2_Blue_Rectangle,0
66.5796,-5.9,-12.3,Step2_Blue_Rectangle,0
66.6424,-5.9,-11.9,Step2_Blue_Rectangle,0
66.6991,-5.9,-11.4,Step2_Blue_Rectangle,0
66.7402,-5.9,-10.9,Step2_Blue_Rectangle,0
66.7984,-5.9,-10.6,Step2_Blue_Rectangle,0
66.8408,-5.9,-10.2,Step2_Blue_Rectangle,0
66.8986,-5.9,-9.9,Step2_Blue_Rectangle,0
66.9587,-5.9,-9.4,Step2_Blue_Rectangle,0
66.9997,-5.9,-9.0,Step2_Blue_Rectangle,0
67.0585,-5.9,-8.7,Step2_Blue_Rectangle,0
67.1196,-5.9,-8.4,Step2_Blue_Rectangle,0
67.1587,-5.9,-8.1,Step2_Blue_Rectangle,0
67.2189,-5.9,-7.9,Step2_Blue_Rectangle,0
67.2592,-5.9,-7.6,Step2_Blue_Rectangle,0
67.3182,-5.9,-7.3,Step2_Blue_Rectangle,0
67.38,-5.9,-7.2,Step2_Blue_Rectangle,0
67.4201,-5.8,-6.9,Step2_Blue_Rectangle,0
67.4794,-5.8,-6.7,Step2_Blue_Rectangle,0
67.5608,-5.8,-6.5,Step2_Blue_Rectangle,0
67.5993,-5.8,-6.3,Step2_Blue_Rectangle,0
67.6407,-5.8,-6.1,Step2_Blue_Rectangle,0
67.6994,-5.8,-6.0,Step2_Blue_Rectangle,0
67.76,-5.8,-5.8,Step2_Blue_Rectangle,0
67.7994,-5.8,-5.6,Step2_Blue_Rectangle,0
67.8587,-5.8,-5.5,Step2_Blue_Rectangle,0
67.8993,-5.8,-5.3,Step2_Blue_Rectangle,0
67.9588,-5.8,-5.1,Step2_Blue_Rectangle,0
68.0188,-5.8,-5.1,Step2_Blue_Rectangle,0
68.0798,-5.8,-4.9,Step2_Blue_Rectangle,0
68.1181,-5.8,-4.8,Step2_Blue_Rectangle,0
68.1801,-5.7,-4.6,Step2_Blue_Rectangle,0
68.219,-5.7,-4.6,Step2_Blue_Rectangle,0
68.2791,-5.7,-4.4,Step2_Blue_Rectangle,0
68.3388,-5.7,-4.4,Step2_Blue_Rectangle,0
68.3796,-5.7,-4.3,Step2_Blue_Rectangle,0
68.4423,-5.7,-4.2,Step2_Blue_Rectangle,0
68.4987,-5.7,-4.1,Step2_Blue_Rectangle,0
68.5597,-5.7,-4.0,Step2_Blue_Rectangle,0
68.5983,-5.7,-3.9,Step2_Blue_Rectangle,0
68.6613,-5.7,-3.9,Step2_Blue_Rectangle,0
68.699,-5.7,-3.8,Step2_Blue_Rectangle,0
68.7597,-5.7,-3.8,Step2_Blue_Rectangle,0
68.7993,-5.7,-3.7,Step2_Blue_Rectangle,0
68.8586,-5.7,-3.7,Step2_Blue_Rectangle,0
68.899,-5.7,-3.6,Step2_Blue_Rectangle,0
68.9594,-5.7,-3.6,Step2_Blue_Rectangle,0
69.0189,-5.7,-3.5,Step2_Blue_Rectangle,0
69.079,-5.7,-3.5,Step2_Blue_Rectangle,0
69.118,-5.7,-3.4,Step2_Blue_Rectangle,0
69.1788,-5.7,-3.4,Step2_Blue_Rectangle,0
69.2189,-5.7,-3.3,Step2_Blue_Rectangle,0
69.2794,-5.7,-3.3,Step2_Blue_Rectangle,0
69.3398,-5.7,-3.3,Step2_Blue_Rectangle,0
69.3804,-5.7,-3.2,Step2_Blue_Rectangle,0
69.4384,-5.7,-3.2,Step2_Blue_Rectangle,0
69.4796,-5.7,-3.2,Step2_Blue_Rectangle,0
69.539,-5.7,-3.2,Step2_Blue_Rectangle,0
69.5791,-5.7,-3.1,Step2_Blue_Rectangle,0
69.638,-5.7,-3.1,Step2_Blue_Rectangle,0
69.6797,-5.7,-3.1,Step2_Blue_Rectangle,0
69.739,-5.7,-3.1,Step2_Blue_Rectangle,0
69.8011,-5.7,-3.1,Step2_Blue_Rectangle,0
69.8592,-5.7,-3.0,Step2_Blue_Rectangle,0
69.902,-5.7,-3.0,Step2_Blue_Rectangle,0
69.9593,-5.7,-3.0,Step2_Blue_Rectangle,0
69.9994,-5.7,-3.0,Step2_Blue_Rectangle,0
70.0584,-5.7,-3.0,Step2_Blue_Rectangle,0
70.119,-5.7,-2.9,Step2_Blue_Rectangle,0
70.1591,-5.7,-2.9,Step2_Blue_Rectangle,0
70.2184,-5.7,-2.9,Step2_Blue_Rectangle,0
70.2588,-5.7,-2.9,Step2_Blue_Rectangle,0
70.3184,-5.7,-2.9,Step2_Blue_Rectangle,0
70.3799,-5.7,-2.9,Step2_Blue_Rectangle,0
70.4188,-5.7,-2.9,Step2_Blue_Rectangle,0
70.4793,-5.7,-2.9,Step2_Blue_Rectangle,0
70.5194,-5.7,-2.9,Step2_Blue_Rectangle,0
70.5794,-5.7,-2.8,Step2_Blue_Rectangle,0
70.6191,-5.7,-2.8,Step2_Blue_Rectangle,0
70.6789,-5.7,-2.8,Step2_Blue_Rectangle,0
70.7408,-5.7,-2.8,Step2_Blue_Rectangle,0
70.7795,-5.7,-2.8,Step2_Blue_Rectangle,0
70.8396,-5.7,-2.8,Step2_Blue_Rectangle,0
70.9003,-5.7,-2.8,Step2_Blue_Rectangle,0
70.9382,-5.7,-2.8,Step2_Blue_Rectangle,0
71.0005,-5.7,-2.8,Step2_Blue_Rectangle,0
71.0387,-5.7,-2.8,Step2_Blue_Rectangle,0
71.1012,-5.7,-2.8,Step2_Blue_Rectangle,0
71.1585,-5.7,-2.8,Step2_Blue_Rectangle,1
71.201,-5.7,-2.8,Step2_Blue_Rectangle,1
71.2589,-5.7,-2.8,Step2_Blue_Rectangle,1
71.2998,-5.7,-2.8,Step2_Blue_Rectangle,1
71.359,-5.7,-2.8,Step2_Blue_Rectangle,1
71.4002,-5.7,-2.9,Step2_Blue_Rectangle,1
71.4591,-5.7,-2.9,Step2_Blue_Rectangle,0
71.5196,-5.7,-2.8,Step2_Blue_Rectangle,0
71.558,-5.7,-2.8,Step2_Blue_Rectangle,0
71.6202,-5.7,-2.8,Step2_Blue_Rectangle,0
71.6828,-5.7,-2.8,Step2_Blue_Rectangle,0
71.719,-5.7,-2.8,Step3_Red_Circle,0
71.7794,-5.7,-2.8,Step3_Red_Circle,0
71.8188,-5.7,-2.8,Step3_Red_Circle,0
71.8793,-5.7,-2.8,Step3_Red_Circle,0
71.9403,-5.7,-2.8,Step3_Red_Circle,0
71.9792,-5.7,-2.8,Step3_Red_Circle,0
72.0403,-5.7,-2.8,Step3_Red_Circle,0
72.1011,-5.7,-2.8,Step3_Red_Circle,0
72.1591,-5.7,-2.8,Step3_Red_Circle,0
72.2001,-5.7,-2.8,Step3_Red_Circle,0
72.2594,-5.7,-2.8,Step3_Red_Circle,0
72.3011,-5.7,-2.8,Step3_Red_Circle,0
72.3585,-5.7,-2.8,Step3_Red_Circle,0
72.3986,-5.7,-2.8,Step3_Red_Circle,0
72.4581,-5.7,-2.8,Step3_Red_Circle,0
72.5185,-5.7,-2.8,Step3_Red_Circle,0
72.5586,-5.7,-2.9,Step3_Red_Circle,0
72.6188,-5.7,-2.8,Step3_Red_Circle,0
72.6786,-5.7,-2.8,Step3_Red_Circle,0
72.7184,-5.7,-2.8,Step3_Red_Circle,0
72.7783,-5.7,-0.6,Step3_Red_Circle,0
72.84,-5.8,0.7,Step3_Red_Circle,0
72.8787,-5.8,2.5,Step3_Red_Circle,0
72.9393,-5.9,3.6,Step3_Red_Circle,0
72.9793,-5.9,5.1,Step3_Red_Circle,0
73.0392,-5.9,6.6,Step3_Red_Circle,0
73.0792,-5.9,7.4,Step3_Red_Circle,0
73.1398,-5.9,8.2,Step3_Red_Circle,0
73.1783,-5.9,9.4,Step3_Red_Circle,0
73.2389,-5.9,10.4,Step3_Red_Circle,0
73.2995,-5.9,11.4,Step3_Red_Circle,0
73.36,-5.9,12.0,Step3_Red_Circle,0
73.4005,-5.9,12.5,Step3_Red_Circle,0
73.4589,-5.9,13.3,Step3_Red_Circle,0
73.5172,-5.9,14.1,Step3_Red_Circle,0
73.5587,-5.8,14.8,Step3_Red_Circle,0
73.62,-5.8,15.3,Step3_Red_Circle,0
73.6593,-5.8,16.0,Step3_Red_Circle,0
73.7197,-5.8,16.4,Step3_Red_Circle,0
73.7601,-5.8,17.1,Step3_Red_Circle,0
73.8193,-5.7,17.5,Step3_Red_Circle,0
73.8789,-5.7,18.1,Step3_Red_Circle,0
73.9391,-5.7,18.6,Step3_Red_Circle,0
73.9793,-5.7,19.1,Step3_Red_Circle,0
74.0385,-5.7,19.4,Step3_Red_Circle,0
74.0781,-5.6,19.9,Step3_Red_Circle,0
74.1396,-5.6,20.2,Step3_Red_Circle,0
74.1791,-5.6,20.7,Step3_Red_Circle,0
74.2392,-5.6,20.9,Step3_Red_Circle,0
74.2792,-5.6,21.4,Step3_Red_Circle,0
74.3609,-5.6,21.7,Step3_Red_Circle,0
74.3986,-5.5,22.1,Step3_Red_Circle,0
74.4606,-5.5,22.3,Step3_Red_Circle,0
74.4979,-5.5,22.6,Step3_Red_Circle,0
74.562,-5.5,22.8,Step3_Red_Circle,0
74.6205,-5.5,23.0,Step3_Red_Circle,0
74.6679,-5.5,23.3,Step3_Red_Circle,0
74.7194,-5.5,23.5,Step3_Red_Circle,0
74.7626,-5.4,23.7,Step3_Red_Circle,0
74.8201,-5.4,23.9,Step3_Red_Circle,0
74.8793,-5.4,24.1,Step3_Red_Circle,0
74.9217,-5.4,24.3,Step3_Red_Circle,0
74.981,-5.4,24.5,Step3_Red_Circle,0
75.0202,-5.4,24.6,Step3_Red_Circle,0
75.0799,-5.4,24.8,Step3_Red_Circle,0
75.1402,-5.4,24.9,Step3_Red_Circle,0
75.1802,-5.4,25.0,Step3_Red_Circle,0
75.2399,-5.4,25.2,Step3_Red_Circle,0
75.2997,-5.4,25.2,Step3_Red_Circle,0
75.3403,-5.4,25.4,Step3_Red_Circle,0
75.3999,-5.3,25.4,Step3_Red_Circle,0
75.4612,-5.3,25.6,Step3_Red_Circle,0
75.5007,-5.3,25.7,Step3_Red_Circle,0
75.5612,-5.3,25.7,Step3_Red_Circle,0
75.5999,-5.3,25.8,Step3_Red_Circle,0
75.6585,-5.3,25.9,Step3_Red_Circle,0
75.7193,-5.3,26.0,Step3_Red_Circle,0
75.7629,-5.3,26.1,Step3_Red_Circle,0
75.8193,-5.3,26.1,Step3_Red_Circle,0
75.8803,-5.3,26.2,Step3_Red_Circle,0
75.9196,-5.3,26.2,Step3_Red_Circle,0
75.9799,-5.3,26.3,Step3_Red_Circle,0
76.02,-5.3,26.4,Step3_Red_Circle,0
76.0797,-5.3,26.4,Step3_Red_Circle,0
76.1202,-5.3,26.5,Step3_Red_Circle,0
76.1798,-5.3,26.5,Step3_Red_Circle,0
76.2197,-5.3,26.6,Step3_Red_Circle,0
76.2816,-5.3,26.6,Step3_Red_Circle,0
76.3206,-5.3,26.6,Step3_Red_Circle,0
76.3802,-5.3,26.6,Step3_Red_Circle,0
76.4209,-5.3,26.6,Step3_Red_Circle,0
76.4798,-5.3,26.6,Step3_Red_Circle,0
76.5201,-5.3,26.7,Step3_Red_Circle,0
76.6,-5.3,26.7,Step3_Red_Circle,0
76.6399,-5.3,26.7,Step3_Red_Circle,0
76.7004,-5.3,26.8,Step3_Red_Circle,0
76.74,-5.3,26.8,Step3_Red_Circle,0
76.7992,-5.3,26.8,Step3_Red_Circle,0
76.8399,-5.3,26.8,Step3_Red_Circle,0
76.8989,-5.3,26.8,Step3_Red_Circle,0
76.9587,-5.3,26.8,Step3_Red_Circle,0
76.9992,-5.3,26.9,Step3_Red_Circle,0
77.059,-5.3,26.9,Step3_Red_Circle,0
77.1002,-5.3,26.9,Step3_Red_Circle,0
77.16,-5.3,26.9,Step3_Red_Circle,0
77.1995,-5.3,26.9,Step3_Red_Circle,0
77.2605,-5.3,27.0,Step3_Red_Circle,0
77.3203,-5.3,27.0,Step3_Red_Circle,0
77.3593,-5.3,27.0,Step3_Red_Circle,0
77.42,-5.3,27.0,Step3_Red_Circle,0
77.4808,-5.3,27.0,Step3_Red_Circle,0
77.5197,-5.3,27.0,Step3_Red_Circle,0
77.5788,-5.3,27.1,Step3_Red_Circle,0
77.62,-5.3,27.1,Step3_Red_Circle,0
77.679,-5.3,27.1,Step3_Red_Circle,0
77.7405,-5.3,27.1,Step3_Red_Circle,0
77.7792,-5.3,27.1,Step3_Red_Circle,0
77.8388,-5.3,27.1,Step3_Red_Circle,0
77.8794,-5.3,27.2,Step3_Red_Circle,0
77.9384,-5.3,27.2,Step3_Red_Circle,0
78.0001,-5.3,27.2,Step3_Red_Circle,0
78.0391,-5.3,27.2,Step3_Red_Circle,0
78.0995,-5.3,27.2,Step3_Red_Circle,0
78.14,-5.3,27.2,Step3_Red_Circle,0
78.1982,-5.3,27.2,Step3_Red_Circle,0
78.2611,-5.3,27.2,Step3_Red_Circle,0
78.2999,-5.3,27.2,Step3_Red_Circle,0
78.3605,-5.3,27.2,Step3_Red_Circle,0
78.4004,-5.3,27.2,Step3_Red_Circle,0
78.4587,-5.3,27.2,Step3_Red_Circle,0
78.5225,-5.2,27.2,Step3_Red_Circle,0
78.5602,-5.2,27.3,Step3_Red_Circle,0
78.6217,-5.2,27.3,Step3_Red_Circle,0
78.6804,-5.2,27.3,Step3_Red_Circle,0
78.7217,-5.2,27.3,Step3_Red_Circle,0
78.7849,-5.2,27.3,Step3_Red_Circle,0
78.8389,-5.2,27.3,Step3_Red_Circle,0
78.8999,-5.2,27.3,Step3_Red_Circle,0
78.9398,-5.2,27.3,Step3_Red_Circle,0
78.9999,-5.2,27.3,Step3_Red_Circle,0
79.06,-5.2,27.3,Step3_Red_Circle,0
79.0998,-5.2,27.3,Step3_Red_Circle,0
79.1594,-5.2,27.3,Step3_Red_Circle,0
79.2003,-5.2,27.3,Step3_Red_Circle,0
79.2607,-5.2,27.3,Step3_Red_Circle,0
79.3217,-5.2,27.3,Step3_Red_Circle,0
79.3595,-5.2,27.3,Step3_Red_Circle,0
79.4225,-5.2,27.3,Step3_Red_Circle,0
79.4586,-5.2,27.3,Step3_Red_Circle,0
79.5228,-5.2,27.3,Step3_Red_Circle,1
79.5597,-5.2,27.3,Step3_Red_Circle,1
79.6226,-5.2,27.3,Step3_Red_Circle,1
79.6603,-5.2,27.3,Step3_Red_Circle,1
79.7208,-5.2,27.3,Step3_Red_Circle,1
79.7601,-5.2,27.3,Step3_Red_Circle,1
79.8221,-5.2,27.3,Step3_Red_Circle,0
79.8802,-5.2,27.3,Step3_Red_Circle,0
79.9408,-5.2,27.3,Step3_Red_Circle,0
79.9799,-5.2,27.3,Step3_Red_Circle,0
80.0411,-5.2,27.3,Step3_Red_Circle,0
80.0798,-5.2,27.3,Step1_Green_Rectangle,0
80.1399,-5.2,27.3,Step1_Green_Rectangle,0
80.1803,-5.2,27.3,Step1_Green_Rectangle,0
80.2398,-5.2,27.3,Step1_Green_Rectangle,0
80.2999,-5.2,27.3,Step1_Green_Rectangle,0
80.3397,-5.2,27.3,Step1_Green_Rectangle,0
80.3993,-5.2,27.3,Step1_Green_Rectangle,0
80.4604,-5.2,27.3,Step1_Green_Rectangle,0
80.4999,-5.2,27.3,Step1_Green_Rectangle,0
80.5602,-5.2,27.3,Step1_Green_Rectangle,0
80.6,-5.2,27.3,Step1_Green_Rectangle,0
80.6602,-5.2,27.3,Step1_Green_Rectangle,0
80.6991,-5.2,27.3,Step1_Green_Rectangle,0
80.7601,-5.2,27.3,Step1_Green_Rectangle,0
80.8206,-5.2,27.3,Step1_Green_Rectangle,0
80.8613,-5.2,27.2,Step1_Green_Rectangle,0
80.9222,-5.2,27.2,Step1_Green_Rectangle,0
80.9787,-5.2,27.2,Step1_Green_Rectangle,0
81.0475,-5.2,27.2,Step1_Green_Rectangle,0
81.0793,-5.2,27.2,Step1_Green_Rectangle,0
81.1398,-5.2,27.2,Step1_Green_Rectangle,0
81.1799,-5.2,27.2,Step1_Green_Rectangle,0
81.2393,-5.2,27.2,Step1_Green_Rectangle,0
81.2995,-5.2,27.2,Step1_Green_Rectangle,0
81.339,-5.2,27.2,Step1_Green_Rectangle,0
81.402,-5.2,27.2,Step1_Green_Rectangle,0
81.4399,-5.2,27.2,Step1_Green_Rectangle,0
81.5001,-5.2,27.2,Step1_Green_Rectangle,0
81.5615,-5.2,27.2,Step1_Green_Rectangle,0
81.6001,-5.2,27.2,Step1_Green_Rectangle,0
81.6612,-5.2,27.2,Step1_Green_Rectangle,0
81.7199,-5.2,27.2,Step1_Green_Rectangle,0
81.7618,-5.2,27.2,Step1_Green_Rectangle,0
81.8207,-5.2,27.2,Step1_Green_Rectangle,0
81.8613,-5.2,27.2,Step1_Green_Rectangle,0
81.9225,-5.2,27.2,Step1_Green_Rectangle,0
81.9849,-5.2,27.2,Step1_Green_Rectangle,0
82.0208,-5.2,27.2,Step1_Green_Rectangle,0
82.0851,-5.2,27.2,Step1_Green_Rectangle,0
82.1205,-5.2,27.2,Step1_Green_Rectangle,0
82.1824,-5.2,27.2,Step1_Green_Rectangle,0
82.2199,-5.2,27.2,Step1_Green_Rectangle,0
82.283,-5.2,27.2,Step1_Green_Rectangle,0
82.3209,-5.2,27.2,Step1_Green_Rectangle,0
82.3812,-5.2,27.2,Step1_Green_Rectangle,0
82.4407,-5.2,27.2,Step1_Green_Rectangle,0
82.4832,-5.2,27.2,Step1_Green_Rectangle,0
82.5407,-5.2,27.2,Step1_Green_Rectangle,0
82.5852,-5.2,27.2,Step1_Green_Rectangle,0
82.6417,-5.2,27.2,Step1_Green_Rectangle,0
82.684,-5.2,27.2,Step1_Green_Rectangle,0
82.7408,-5.2,27.2,Step1_Green_Rectangle,0
82.7829,-5.2,27.2,Step1_Green_Rectangle,0
82.841,-5.2,27.2,Step1_Green_Rectangle,0
82.8838,-5.2,27.2,Step1_Green_Rectangle,0
82.9415,-5.2,27.2,Step1_Green_Rectangle,0
83.0002,-5.2,27.2,Step1_Green_Rectangle,0
83.0604,-5.2,27.2,Step1_Green_Rectangle,0
83.0999,-5.2,27.2,Step1_Green_Rectangle,0
83.161,-5.2,27.2,Step1_Green_Rectangle,0
83.2003,-5.2,27.2,Step1_Green_Rectangle,0
83.264,-5.2,27.2,Step1_Green_Rectangle,0
83.3202,-5.2,27.2,Step1_Green_Rectangle,0
83.381,-5.2,27.2,Step1_Green_Rectangle,0
83.4406,-5.2,27.2,Step1_Green_Rectangle,0
83.4816,-5.2,27.2,Step1_Green_Rectangle,0
83.5423,-5.2,27.2,Step1_Green_Rectangle,0
83.6007,-5.2,27.2,Step1_Green_Rectangle,0
83.6411,-5.2,27.2,Step1_Green_Rectangle,0
83.7006,-5.2,27.2,Step1_Green_Rectangle,0
83.7408,-5.2,27.2,Step1_Green_Rectangle,0
83.7996,-5.2,27.2,Step1_Green_Rectangle,0
83.8413,-5.2,27.2,Step1_Green_Rectangle,0
83.9003,-5.2,27.2,Step1_Green_Rectangle,0
83.9607,-5.2,27.2,Step1_Green_Rectangle,0
84.0012,-5.2,27.2,Step1_Green_Rectangle,0
84.061,-5.2,27.2,Step1_Green_Rectangle,0
84.1002,-5.2,27.2,Step1_Green_Rectangle,0
84.1605,-5.2,27.2,Step1_Green_Rectangle,0
84.2226,-5.2,27.2,Step1_Green_Rectangle,0
84.2615,-5.2,27.2,Step1_Green_Rectangle,0
84.3206,-5.2,27.2,Step1_Green_Rectangle,0
84.3826,-5.2,27.2,Step1_Green_Rectangle,0
84.4221,-5.2,27.2,Step1_Green_Rectangle,0
84.481,-5.2,27.2,Step1_Green_Rectangle,0
84.5407,-5.2,27.2,Step1_Green_Rectangle,0
84.5793,-5.2,27.2,Step1_Green_Rectangle,0
84.6413,-5.2,27.2,Step1_Green_Rectangle,0
84.6798,-5.2,27.2,Step1_Green_Rectangle,0
84.7416,-5.2,27.2,Step1_Green_Rectangle,0
84.8003,-5.2,27.2,Step1_Green_Rectangle,0
84.8404,-5.2,27.2,Step1_Green_Rectangle,0
84.9003,-5.2,27.2,Step1_Green_Rectangle,0
84.9406,-5.2,27.2,Step1_Green_Rectangle,0
85.0005,-5.2,27.2,Step1_Green_Rectangle,0
85.0601,-5.2,27.2,Step1_Green_Rectangle,0
85.1001,-5.2,27.2,Step1_Green_Rectangle,0
85.1614,-5.2,27.2,Step1_Green_Rectangle,0
85.1999,-5.2,27.2,Step1_Green_Rectangle,0
85.2609,-5.2,27.2,Step1_Green_Rectangle,0
85.3005,-5.2,27.2,Step1_Green_Rectangle,0
85.3616,-5.2,27.2,Step1_Green_Rectangle,0
85.4191,-5.2,27.2,Step1_Green_Rectangle,0
85.4801,-5.2,27.2,Step1_Green_Rectangle,0
85.5408,-5.2,27.2,Step1_Green_Rectangle,0
85.6007,-5.2,27.2,Step1_Green_Rectangle,0
85.6419,-5.2,27.2,Step1_Green_Rectangle,0
85.7006,-5.2,27.2,Step1_Green_Rectangle,0
85.7412,-5.2,27.2,Step1_Green_Rectangle,0
85.8002,-5.2,27.2,Step1_Green_Rectangle,0
85.8607,-5.2,27.2,Step1_Green_Rectangle,0
85.9012,-5.2,27.2,Step1_Green_Rectangle,0
85.9609,-5.2,27.2,Step1_Green_Rectangle,0
86.0002,-5.2,27.2,Step1_Green_Rectangle,0
86.0609,-5.2,27.2,Step1_Green_Rectangle,0
86.1012,-5.2,27.2,Step1_Green_Rectangle,0
86.1609,-5.2,27.2,Step1_Green_Rectangle,0
86.2217,-5.2,27.2,Step1_Green_Rectangle,0
86.2605,-5.2,27.2,Step1_Green_Rectangle,0
86.3209,-5.2,27.2,Step1_Green_Rectangle,0
86.3792,-5.2,27.2,Step1_Green_Rectangle,0
86.4436,-5.2,27.2,Step1_Green_Rectangle,0
86.5007,-5.2,27.2,Step1_Green_Rectangle,0
86.543,-5.2,27.2,Step1_Green_Rectangle,0
86.6011,-5.2,27.2,Step1_Green_Rectangle,0
86.6442,-5.2,27.2,Step1_Green_Rectangle,0
86.7003,-5.2,27.2,Step1_Green_Rectangle,0
86.7424,-5.2,27.2,Step1_Green_Rectangle,0
86.8009,-5.2,27.2,Step1_Green_Rectangle,0
86.842,-5.2,27.2,Step1_Green_Rectangle,0
86.9016,-5.2,27.2,Step1_Green_Rectangle,0
86.9606,-5.2,27.2,Step1_Green_Rectangle,0
87.0009,-5.2,27.2,Step1_Green_Rectangle,0
87.061,-5.2,27.2,Step1_Green_Rectangle,0
87.1003,-5.2,27.2,Step1_Green_Rectangle,0
87.1615,-5.2,27.2,Step1_Green_Rectangle,0
87.2212,-5.2,27.2,Step1_Green_Rectangle,0
87.2601,-5.2,27.2,Step1_Green_Rectangle,0
87.321,-5.2,27.2,Step1_Green_Rectangle,0
87.3608,-5.2,27.2,Step1_Green_Rectangle,0
87.4208,-5.2,27.2,Step1_Green_Rectangle,0
87.4604,-5.2,27.2,Step1_Green_Rectangle,0
87.521,-5.2,27.2,Step1_Green_Rectangle,0
87.5609,-5.2,27.2,Step1_Green_Rectangle,0
87.6204,-5.2,27.2,Step1_Green_Rectangle,0
87.6608,-5.2,27.2,Step1_Green_Rectangle,0
87.7237,-5.2,27.2,Step1_Green_Rectangle,0
87.7815,-5.2,27.2,Step1_Green_Rectangle,0
87.8422,-5.2,27.2,Step1_Green_Rectangle,0
87.9015,-5.2,27.2,Step1_Green_Rectangle,0
87.942,-5.2,27.2,Step1_Green_Rectangle,0
88.0008,-5.2,27.2,Step1_Green_Rectangle,0
88.0417,-5.2,27.2,Step1_Green_Rectangle,0
88.1012,-5.2,27.2,Step1_Green_Rectangle,0
88.1414,-5.2,27.2,Step1_Green_Rectangle,0
88.2008,-5.2,27.2,Step1_Green_Rectangle,0
88.2414,-5.2,27.2,Step1_Green_Rectangle,0
88.3005,-5.2,27.2,Step1_Green_Rectangle,0
88.343,-5.2,27.2,Step1_Green_Rectangle,0
88.401,-5.2,27.2,Step1_Green_Rectangle,0
88.4609,-5.2,27.2,Step1_Green_Rectangle,0
88.5016,-5.2,27.2,Step1_Green_Rectangle,0
88.5605,-5.2,27.2,Step1_Green_Rectangle,0
